date,Buffalo,Minneapolis,KansasCity
1972-08,107.1,106.5,110.9
1972-09,113.5,112.4,114.6
1972-10,112.7,111.8,115.5
1972-11,114.7,113.3,117.0
1972-12,123.4,124.5,135.0
1973-01,123.6,124.3,132.8
1973-02,116.3,116.5,122.6
1973-03,118.5,118.6,123.8
1973-04,119.8,119.6,128.9
1973-05,120.3,119.4,126.7
1973-06,127.4,128.6,139.3
1973-07,125.1,126.3,135.7
1973-08,127.6,126.8,135.6
1973-09,129.0,125.7,146.0
1973-10,124.6,120.8,140.7
1973-11,134.1,127.9,147.0
1973-12,146.5,147.6,163.9
1974-01,171.2,169.8,194.3
1974-02,178.6,177.6,200.8
1974-03,172.2,172.5,193.4
1974-04,171.5,170.1,190.3
1974-05,163.6,171.3,188.0
1974-06,185.6,189.9,196.1
1974-07,198.8,206.9,215.0
1974-08,195.7,197.4,201.6
1974-09,190.3,195.0,203.4
1974-10,207.9,214.2,222.1
1974-11,212.8,219.2,228.7
1974-12,199.9,205.6,216.1
1975-01,185.3,193.4,200.2
1975-02,183.0,185.1,189.6
1975-03,173.5,174.0,173.3
1975-04,172.2,173.2,169.7
1975-05,165.3,164.5,161.0
1975-06,159.9,158.9,151.7
1975-07,170.3,169.7,167.1
1975-08,172.2,174.4,174.4
1975-09,184.5,186.2,189.7
1975-10,185.0,184.7,187.4
1975-11,177.7,176.4,178.4
1975-12,169.1,167.6,165.8
1976-01,174.7,170.9,164.9
1976-02,169.4,168.3,171.8
1976-03,177.8,176.4,175.4
1976-04,170.1,168.6,165.9
1976-05,167.1,164.6,157.3
1976-06,171.4,170.1,161.4
1976-07,172.3,169.4,159.2
1976-08,152.6,149.6,142.8
1976-09,144.1,139.5,138.5
1976-10,143.5,137.3,134.2
1976-11,135.6,129.7,126.1
1976-12,135.4,128.4,124.2
1977-01,134.5,126.9,122.7
1977-02,136.1,128.8,123.5
1977-03,135.6,126.5,118.3
1977-04,122.8,116.6,112.3
1977-05,119.0,113.4,105.7
1977-06,108.5,102.8,97.7
1977-07,113.3,107.7,105.8
1977-08,114.8,109.4,106.9
1977-09,120.9,114.9,110.0
1977-10,123.7,117.5,114.3
1977-11,127.8,120.0,118.8
1977-12,125.4,117.6,117.2
1978-01,131.5,124.0,126.1
1978-02,127.7,119.7,120.5
1978-03,131.2,125.0,125.6
1978-04,145.2,141.1,132.0
1978-05,141.9,137.0,134.6
1978-06,139.3,132.3,130.3
1978-07,141.1,134.8,137.0
1978-08,135.9,129.7,136.6
1978-09,136.5,128.7,137.0
1978-10,137.2,129.9,138.4
1978-11,143.8,137.2,142.9
1978-12,138.7,132.8,140.4
1979-01,133.9,127.5,136.0
1979-02,137.7,131.2,140.1
1979-03,143.8,137.1,148.2
1979-04,140.8,135.5,146.4
1979-05,153.4,147.1,158.5
1979-06,157.5,151.6,163.5
1979-07,179.5,173.7,187.1
1979-08,177.5,171.6,181.7
1979-09,178.0,170.8,181.5
1979-10,176.8,172.4,181.9
1979-11,179.8,174.9,190.9
1979-12,174.2,168.1,186.9
1980-01,171.1,164.7,180.1
1980-02,175.9,170.0,184.8
1980-03,172.2,164.9,174.8
1980-04,164.7,157.9,169.0
1980-05,175.7,169.2,178.4
1980-06,177.4,168.6,175.3
1980-07,187.5,179.8,178.2
1980-08,190.7,179.0,182.0
1980-09,190.4,179.2,188.6
1980-10,192.4,181.4,190.8
1980-11,192.9,181.8,192.2
